NAME	GS<br> follow link to MSigDB	GS DETAILS	SIZE	ES	NES	NOM p-val	FDR q-val	FWER p-val	RANK AT MAX	LEADING EDGE	
HALLMARK_E2F_TARGETS	HALLMARK_E2F_TARGETS	Details ...	200	0.56824726	1.892701	0.0	0.0014516128	0.001	8376	tags=64%, list=30%, signal=90%	
HALLMARK_G2M_CHECKPOINT	HALLMARK_G2M_CHECKPOINT	Details ...	199	0.53837234	1.8073533	0.0	0.005977784	0.009	8062	tags=55%, list=28%, signal=76%	
HALLMARK_PANCREAS_BETA_CELLS	HALLMARK_PANCREAS_BETA_CELLS	Details ...	38	0.6586159	1.7404488	0.008880994	0.009635865	0.022	3667	tags=45%, list=13%, signal=51%	
HALLMARK_EPITHELIAL_MESENCHYMAL_TRANSITION	HALLMARK_EPITHELIAL_MESENCHYMAL_TRANSITION	Details ...	200	0.51822954	1.7220079	0.0	0.008780535	0.027	7011	tags=48%, list=25%, signal=63%	
HALLMARK_SPERMATOGENESIS	HALLMARK_SPERMATOGENESIS	Details ...	119	0.4882676	1.54114	0.004518072	0.071092	0.239	5547	tags=40%, list=20%, signal=50%	
HALLMARK_COMPLEMENT	HALLMARK_COMPLEMENT	Details ...	200	0.4447576	1.4636477	0.009589041	0.12878425	0.45	5497	tags=26%, list=19%, signal=32%	
HALLMARK_HEDGEHOG_SIGNALING	HALLMARK_HEDGEHOG_SIGNALING	Details ...	36	0.55758286	1.4611652	0.052991454	0.11359042	0.463	8084	tags=44%, list=29%, signal=62%	
HALLMARK_COAGULATION	HALLMARK_COAGULATION	Details ...	132	0.45281237	1.4393986	0.02186589	0.121120356	0.528	5132	tags=30%, list=18%, signal=37%	
HALLMARK_INFLAMMATORY_RESPONSE	HALLMARK_INFLAMMATORY_RESPONSE	Details ...	200	0.42722753	1.4243624	0.0085227275	0.12541868	0.582	6706	tags=34%, list=24%, signal=44%	
HALLMARK_BILE_ACID_METABOLISM	HALLMARK_BILE_ACID_METABOLISM	Details ...	110	0.45303056	1.415174	0.032258064	0.12270461	0.605	7497	tags=37%, list=26%, signal=51%	
HALLMARK_INTERFERON_ALPHA_RESPONSE	HALLMARK_INTERFERON_ALPHA_RESPONSE	Details ...	97	0.45578918	1.3867545	0.04511278	0.14296716	0.688	6896	tags=37%, list=24%, signal=49%	
HALLMARK_ANGIOGENESIS	HALLMARK_ANGIOGENESIS	Details ...	35	0.5383285	1.3832635	0.086440675	0.13494731	0.697	5307	tags=40%, list=19%, signal=49%	
HALLMARK_INTERFERON_GAMMA_RESPONSE	HALLMARK_INTERFERON_GAMMA_RESPONSE	Details ...	200	0.40211624	1.335871	0.04505814	0.19130543	0.842	8821	tags=42%, list=31%, signal=61%	
HALLMARK_MITOTIC_SPINDLE	HALLMARK_MITOTIC_SPINDLE	Details ...	199	0.38537902	1.2758956	0.06477733	0.28041887	0.948	10040	tags=44%, list=35%, signal=68%	
HALLMARK_MTORC1_SIGNALING	HALLMARK_MTORC1_SIGNALING	Details ...	200	0.3783599	1.2660367	0.066187054	0.28220975	0.956	10649	tags=52%, list=38%, signal=83%	
HALLMARK_IL6_JAK_STAT3_SIGNALING	HALLMARK_IL6_JAK_STAT3_SIGNALING	Details ...	85	0.41546533	1.2401826	0.124042876	0.31925705	0.978	7298	tags=33%, list=26%, signal=44%	
HALLMARK_XENOBIOTIC_METABOLISM	HALLMARK_XENOBIOTIC_METABOLISM	Details ...	195	0.37208092	1.233545	0.11664296	0.31614757	0.981	4607	tags=17%, list=16%, signal=20%	
HALLMARK_MYC_TARGETS_V1	HALLMARK_MYC_TARGETS_V1	Details ...	200	0.36903164	1.230028	0.10277778	0.3057954	0.983	11618	tags=55%, list=41%, signal=93%	
HALLMARK_FATTY_ACID_METABOLISM	HALLMARK_FATTY_ACID_METABOLISM	Details ...	157	0.36529332	1.1898333	0.15601783	0.38392958	0.994	4403	tags=15%, list=16%, signal=17%	
HALLMARK_UV_RESPONSE_UP	HALLMARK_UV_RESPONSE_UP	Details ...	158	0.36502698	1.1778977	0.16086957	0.39221781	0.997	7940	tags=39%, list=28%, signal=54%	
HALLMARK_ALLOGRAFT_REJECTION	HALLMARK_ALLOGRAFT_REJECTION		196	0.33693922	1.1189648	0.22375691	0.5332816	1.0	10251	tags=47%, list=36%, signal=74%	
HALLMARK_APICAL_SURFACE	HALLMARK_APICAL_SURFACE		43	0.40083966	1.0841671	0.33959043	0.6168862	1.0	7062	tags=40%, list=25%, signal=53%	
HALLMARK_IL2_STAT5_SIGNALING	HALLMARK_IL2_STAT5_SIGNALING		199	0.32273817	1.084041	0.30362117	0.59034824	1.0	8722	tags=37%, list=31%, signal=53%	
HALLMARK_GLYCOLYSIS	HALLMARK_GLYCOLYSIS		198	0.32594377	1.0763198	0.30327868	0.5900954	1.0	8108	tags=28%, list=29%, signal=39%	
HALLMARK_MYC_TARGETS_V2	HALLMARK_MYC_TARGETS_V2		58	0.3575341	0.9882907	0.47611204	0.8602814	1.0	12127	tags=64%, list=43%, signal=111%	
HALLMARK_UNFOLDED_PROTEIN_RESPONSE	HALLMARK_UNFOLDED_PROTEIN_RESPONSE		113	0.3116562	0.97467685	0.5036819	0.8744454	1.0	11523	tags=51%, list=41%, signal=86%	
HALLMARK_KRAS_SIGNALING_DN	HALLMARK_KRAS_SIGNALING_DN		185	0.28734145	0.9405414	0.6140603	0.9659613	1.0	3205	tags=19%, list=11%, signal=21%	
HALLMARK_HYPOXIA	HALLMARK_HYPOXIA		198	0.27124554	0.89341754	0.70042795	1.0	1.0	7488	tags=23%, list=26%, signal=31%	
HALLMARK_MYOGENESIS	HALLMARK_MYOGENESIS		190	0.26466	0.8764233	0.75033736	1.0	1.0	5863	tags=23%, list=21%, signal=29%	
HALLMARK_KRAS_SIGNALING_UP	HALLMARK_KRAS_SIGNALING_UP		200	0.25407863	0.8299856	0.84678525	1.0	1.0	5688	tags=25%, list=20%, signal=31%	
HALLMARK_APICAL_JUNCTION	HALLMARK_APICAL_JUNCTION		200	0.25096288	0.82823825	0.87105626	1.0	1.0	8331	tags=36%, list=29%, signal=50%	
HALLMARK_ESTROGEN_RESPONSE_LATE	HALLMARK_ESTROGEN_RESPONSE_LATE		199	0.24382839	0.81385344	0.8791946	1.0	1.0	6623	tags=29%, list=23%, signal=37%	
HALLMARK_PEROXISOME	HALLMARK_PEROXISOME		103	0.2648136	0.80827826	0.79821956	1.0	1.0	6586	tags=21%, list=23%, signal=28%	
HALLMARK_UV_RESPONSE_DN	HALLMARK_UV_RESPONSE_DN		144	0.24971788	0.8046331	0.880597	1.0	1.0	5154	tags=16%, list=18%, signal=19%	
HALLMARK_ANDROGEN_RESPONSE	HALLMARK_ANDROGEN_RESPONSE		101	0.2666739	0.80287117	0.816641	1.0	1.0	6432	tags=28%, list=23%, signal=36%	
HALLMARK_TNFA_SIGNALING_VIA_NFKB	HALLMARK_TNFA_SIGNALING_VIA_NFKB		200	0.23398541	0.7840513	0.92098093	1.0	1.0	10459	tags=46%, list=37%, signal=72%	
HALLMARK_PROTEIN_SECRETION	HALLMARK_PROTEIN_SECRETION		96	0.25716007	0.7809436	0.85168195	1.0	1.0	11793	tags=50%, list=42%, signal=85%	
HALLMARK_CHOLESTEROL_HOMEOSTASIS	HALLMARK_CHOLESTEROL_HOMEOSTASIS		74	0.24881728	0.7293163	0.910859	1.0	1.0	9594	tags=41%, list=34%, signal=61%	
HALLMARK_ESTROGEN_RESPONSE_EARLY	HALLMARK_ESTROGEN_RESPONSE_EARLY		199	0.21000731	0.70786154	0.9874652	1.0	1.0	6668	tags=26%, list=24%, signal=34%	
HALLMARK_DNA_REPAIR	HALLMARK_DNA_REPAIR		150	0.21801083	0.70437086	0.98270893	1.0	1.0	12029	tags=51%, list=43%, signal=89%	
HALLMARK_REACTIVE_OXYGEN_SPECIES_PATHWAY	HALLMARK_REACTIVE_OXYGEN_SPECIES_PATHWAY		49	0.247796	0.6868997	0.92890996	1.0	1.0	8527	tags=31%, list=30%, signal=44%	
HALLMARK_APOPTOSIS	HALLMARK_APOPTOSIS		160	0.20204614	0.6580839	0.99707174	1.0	1.0	7059	tags=23%, list=25%, signal=30%	
HALLMARK_HEME_METABOLISM	HALLMARK_HEME_METABOLISM		190	0.18378465	0.6052345	1.0	1.0	1.0	8376	tags=25%, list=30%, signal=35%	
HALLMARK_ADIPOGENESIS	HALLMARK_ADIPOGENESIS		198	0.15162028	0.50359684	1.0	1.0	1.0	9948	tags=30%, list=35%, signal=46%	
HALLMARK_PI3K_AKT_MTOR_SIGNALING	HALLMARK_PI3K_AKT_MTOR_SIGNALING		103	0.16435121	0.5015844	1.0	0.9995108	1.0	10731	tags=40%, list=38%, signal=64%	
